"Salah satu cabang hokben yang lama berdiri di surabaya, menempati area di salah satu pusat perbelanjaan di tengah kota surabaya yakni Surabaya Plaza lt Ground â€¦"
"Cukup bagus untuk tempat dan pelayananya. Lokasinya berada di lantai 1. Cukup bersih, dan pelayannya juga ramah. Terus ditingkatkan"
"Tempat nyaman karena tidak begitu ramai, pegawai ramah, pelayanan cukup cepat. Disini pesan Hokkaido Miso Ramen Reguler, rasanya enak tapi porsinya agak mini yaa"
"Tempatnya dekat sama gokana dan gramedia. Paling suka disini salad nya sama mayonya bener bener enak pol!!. Kalo kesini sering beli hoka hemat, pelayanannya juga ramah dan cepat, pembayaran bisa pake tunai dan qris. Worth it banget makan disini!!"
"Ini aku makan sebelum PPKM di Jawa & Bali ya. Kita juga ttep ikutin prokes kok. Aku udah berkaliâ€ beli makan disini. Harganya juga affordable & Hokben ngk diragukan lagi udah pasti enak. Cuma sorry,agak kurang sama pelayanannya. Aku pesen 1 â€¦"
Tempatnya sangat bersih dan luas. Pelayanan nya sangat cepat dan memuaskan. Semua makanan dihidangkan dengan sangat fresh dan tetap hangat. Banyak pilihan menu yang bisa dipilih. Makanan jepang nya sudah disesuaikan dengan lidah orang â€¦
"âœ“ selalu fresh dan yummii. âœ“ daging tebal dan ga krasa pengawet, beda dgn daging frozen lainnya. âœ“ menu baru ramen.. varian hokkaido miso enakk otentik, butter req pisah. â€¦"
"Suasana tempatnya selalu lumayan rame kalau disini. Cocok juga untuk yang punya acara besar, seperti reuni, buka bersama (kalau lagi bulan puasa), atau ulang tahun bisa juga di tempat makan ini. Makanan dan minumannya ga perlu diragukan lagi lah yaa, pasti enaknya. Harga sesuai dengan masakkannya. Tempat bersih. Overall good~"
"Makanan nya tetap terbaik, dan tidak berubah, segar dan tidak bikin eneg. Senang bisa kembali ke tempat dulu semasa kuliah di surabaya. Tempat pilihan â€¦"
"Tiap ke Delta slalu mampir! Mau lagiii, dan lagiii.. ğŸ˜‹ â€¦"
"Walaupun aku datang di jam makan malam, tapi tetep banyak kursi kosong yg tersisa. Jadi ga perlu bingung atau antri lama buat duduk. Karena ini fast food, pelayanannya juga cepat. Cuma sayang kebersihan lantainya kurang dijaga. Di depan â€¦"
"Makanannya enak, tempat nyaman, pelayanan baik, harga wajar"
HokBen selalu menjadi salah satu kesukaan kita sekeluarga. Kebetulan abis nonton bioskop trus laper....jadi kita maem disini dech. Tempatnya bersih dan pelayanannya baik. So.....thanks HokBen and all crew ğŸ˜‰ğŸ™ğŸ¼ â€¦
"Makanan seperti biasa hokben ga pnh gagal ya. Selalu enak. Cuma.. Kemaren, pas makan disana, di lantai ada kecoak kecil. Saya krg tau apakah restonya yg krg bersih atau gimana.. Mgkn lbh diperhatikan ya.. Ini kali pertama setelah â€¦"
"Pesan paket Premium Set dengan pilihan daging sapi dan ayam. Paket Premium Set disajikan lengkap dengan salad ala Jepang, snack, dan minuman ocha. Untuk snack terdapat varian yang berbeda antara paket beef dan chicken. Pilihan saus beragam, â€¦"
"Pernah hari puasa datang ke sini, meja2 sisa pengunjung tidak langsung di bersihkan. Jadi sulit cari meja bersih. Tapi untuk hari2 biasa lumayan sepi. Penyuka bento wajib ke sini apalagi saladnya"
Nunggu makanan lama sekali ...katanya 5 menit...masakan yang ada malah di kasih kan ke orang lain...pdhl sudah tunggu lama
for the food I really like it and spicy ramen large is one of my favorite meals â˜ºï¸ but I don't really like the service because it takes about 1 hour to order 1 meal and that takes a long time. ğŸ˜€ â€¦
"Payahhh mentangÂ² saya baru pertama kali makan di hokben pesanan saya ga dikasih nasi, eh besoknya teman saya beli menu yang sama ternyata dikasih nasiğŸ¥´ â€¦"
sayang nggak ada wastafel. atau aku yang nggak tau ya?
"Terletak di lantai dasar, pojok, dekat ATM Center dan Gokana. Tempat luas dan bersih, pelayanan baik."
Both of service and food are good and also the place is so clean and neat. The salad is my favğŸ˜ğŸ’• â€¦
"Honestly, mostly foods are tasty. TAPI sometimes kualitas makanan ada yang kurang dijaga. Contoh salmon yg kurang segar jadi baunya amis-amis busuk, sup yang kadang tawar dll. Hari ini sy pesan Super Bowl karena promo dan NORI-nya waaah â€¦"
âœ“ Best food âœ“ Best service âœ“ Best price â€¦
Untuk rasa makanan khas Jepang ini semua pasti sudah tau jadi jangan ditanya lagi. Untuk tempat sih rekomen kalau mau menyendiri atau juga sambil ngobrol2 santai dengan teman karna tempatnya tidak terlalu ramai dan berada dipojokan delta â€¦
Baru pertama kali ke HokBen.. Menu baru fried chicken nya bau.. Sya pesen 4 pcs.. 2 nya bau.. Rasanya pun kalah jauh sama KFC.. Beef Yakinikunya juga biasa..
Pelayanan nya terlalu lama masak pesan yg pertama malah di selat sama orang yg baru datang sedangkan saya nunggu udah 1 jam belum ada pelayanan
"Tempatnya luas, suasana nyaman, pelayanan juga oke. Menu favoritku value set, soalnya dah dapet lauk+salad, nasi, ocha & sup juga. Menu untuk anak-anak juga ada lho."
"Salah satu tenant restoran di Plaza Surabaya yang sudah tidak asing di telinga kita. HOKA-HOKA BENTO, masakan ala Jepang ini sudah terkenal. salah satunya di Plaza Surabaya. â€¦"
Selalu jadi makanan favorit.. Paling suka pesan menu hoka hemat dan menu value set karena sudah dapat minuman ocha. Tempatnya tidak terlalu ramai dan selalu ada tempat kosong disana. Untuk pelayanan kadang sangat lama karena yang melayani kadang hanya 2 orang saja (bagian pemesanan dan kasir). Untuk pelayanan perlu diperbaiki lagi.
"Menu khas alaÂ² japan yg banyak di suka anakÂ² dan remaja bahkan orang tua....masalah suka dan tidak itu selera, tapi ini lumayan bagi yg suka jajan kalo pas bosen menu nusantara ğŸ˜ ğŸ˜ ğŸ˜ â€¦"
"Gatau kenapa tapi rasanya lebih enak dri hokben lainnya, pegawainya ramah yg di mall sebelah pegawainya jutek"
Tempatnya nyaman bgt buat makan bersama keluarga dan sahabat. Menunya bervariatif
Pelayanan sangat ramah .. dan ok cepat respon pegawainya dan yaman makanan enak siip pokoknya
"Rasanya masih otentik, terutama chicken roll nya, super"
"Untuk ojol,mohon kalo resto belum buka jgn dibuka dulu aplikasinya (SHOPEE,GOJEK, GRAB)"
"Terletak di lantai 1, lokasi tempat ini mudah ditemukan dari pintu barat plaza surabaya. Kursi kursinya pun banyak, tidak perlu khawatir tidak dapat tempat duduk meskipun di bulan puasa. Harga dan paket yang ditawarkan pun sama seperti â€¦"
"place is gud but the dish taste so bad, the chicken flour is way too thick makes my jaw got heavy exercise, and the meat is raw, as you can see it looks like a baseball bat"
Tempat nyaman n makanannya enak..harga standart..
"Bersih, nyaman, harga sesuaiğŸ‘dengan menu. Pelayanan baik. Semoga sukses ğŸ™ â€¦"
Hokben Makan siang dulu Menu favorit buat anak anak pada doyan
"Nasinya nggak nentu, kadang dikit, kadang agak banyakan. Tapi seringnya lebih ke dikit sih nasinya. Kalo nasinya lebih banyakan bisa lah B5. Overall lauk pauknya enak, cuman minus nasi aja kedikitan"
"Saya order via ojol, lumayan cepat: cuma 20 menit sudah sampai, tapi Egg chicken rollnya terlalu kering, mungkin karena sudah terlalu lama di jalan (?)"
"Good choice for a quick meal, as the place is usually quiet and fast service. All set menus are great, I love the chicken teriyaki set, cooked nicely and tender meat. Clean and spacious place, and not noisy unless there is a kid birthday party. Free refill if you buy Ocha."
"makanannya enak dan cukup terjangkau. terlebih lagi pelayanannya sangat baik, ramah, dan cukup cepat. terima kasih"
Biasanya daging bida req di sini ga bisa Pelayanan lama Bikin ngga enak makan â€¦
"Mbak nya ga asik. Pilih kasih. Saya ga dibolehin beli Paket happy bundling bln februari, dibilangnya berlaku senin-jumat pdhl di depan store tertera berlaku setiap hari. Setelah saya bayar, pembeli setelah saya dibolehin beli paket happy bundling. Khan ngeselin."
"Mantaps, tempatnya masih sama dari jaman dulu, banyak kenangan di sini"
"Enak, ga eneg, murce krn ada promo makanya banyakin promo entar sering mampir"
Hoben merupakan salah satu resto dengan menu andalan cepat sajinya. Kalau kesini sih aku lebih suka gorengan-gorengan kaya chicken egg roll nya paling demen. â€¦
Pelayan tidak welcome sama pelanggan. Tanya menu katanya tidak ada. Sampai saya harus kedepan pintu masuknya. Setelah kembali ternyata menu ada di flyer dan baru dikasih. TOLONG JANGAN MEMPERMAINKAN DONG. MASAK DITANYA MENU TIDAK ADA. â€¦
"Klo pingin makan kenyang dan enak.. Ya di sini tempatnya.. Paling suka supnya.. Bisa refill teh oca sepuasnya.. Bagi yg suka ya.. ğŸ˜…, disini antri banget.. Tempatnya juga bagus. â€¦"
"Pelayanan ramah, tempat bersih, makanan sesuai menu, tersedia banyak tempat, luas, sejuk"
Uma!! Gak usah diragukan lagi taste nya
"Suka sekali mampir kesini klo ke delta palza tp gak ada area bermain anak ,"
"Good place for lunch or dinner Located inside the mall The staffs were friendly and helpful, the food was also good"
Menu ini enak bgt banyak variasinya
"Selalu kangen dg salad, ekkado n beef nya Untuk tempat ok sih"
"Maaf untuk pelayanan kurang menyenangkan, booking tempat untuk buka puasa katanya secara tidak langsung tidak bisa (meskipun booking tempat nanti juga sama"" Ngantri normal). Coba nilai sendiri ya ğŸ‘ padahal saya cuma mau sama istri saya aja makan disini. Terima kasih ğŸ™ğŸ’• â€¦"
"Sebenernya enak sih makanannya, tapi kdng agak kotor ajasih. Ga parah."
"Lumayan sering mampir untuk makan malam saat berkunjung di Plaza Mall Surabaya bersama keluarga karena selain makanannya yang enak dan mengenyangkan, ada paket value set yang lumayan ramah didompet. Pelayanannya ramah dan sabar serta tempatnya nyaman."
Enak makannya Ramah pelayanannya Tempatnya luas dan bersih serta santai
"Tempatnya luas, bersih, makananny enak,stafnya juga ramah"
"Sudah sering sejak dulu makan disini, kemarin nyobain menu baru ramen. Enak. Yang bikin kehilangan adalah tempat duduk khas yg kainya bisa masuk seperti dulu. Bukan kursi sekarang ini."
suka egg chiken rollnya.. suka salad nyaa tapi suka sedih kalo pas dapet salad makin dikitğŸ˜‚ğŸ˜‚ğŸ˜‚ğŸ˜‚ â€¦
"Hokben disini tidak terlalu ramai jdi cocok untuk yg mau makan malam bersama teman sambil nongki. Untuk makanan jangan ditanya ya, pasti enak. Untuk yg mau hemat pesan aja value set upgrade dumpling cuma +5rb udah worth it banget dapet minum ocha"
"Tempatnya bersih dan nyaman lalu tidak seberapa ramai jadi santai, tersedia pilihan menu, yaa overall sih okeeehhh"
Terlalu lama karyawan banyak kayak gitu gak mau keluar cara melayani castamer gak ada
"Makanan over all enak soalnya standart disemua hokben sama, layanan juga okr suasana agak sedikit berantakan mungkin karena rame jadi telat cleaningnya dan pengunjung nya pada males bebersih sendiri habis makan"
"Tempatnya cukup luas, dekat sama ATM center, jadi kalau tidak ada cash, bisa tarik tunai dulu. Tempatnya bersih, pelayannya juga ramah-ramah. Menyediakan minuman (teh ocha) gratis isi ulang, disamping tempat sambal dan saos."
Pegawai cewek gemuk yg sopan lihat kl orderan dah jadi knp driver suruh duduk nunggu.itu orderan dr tadi lol.cumqn drivernya ngambil orderan dr resto satunya.kebetulan dpat orderan sekaligus. Pegawai cewek gemuk
"Menu buat dewasa dan anak-anak ada, enak, nyaman."
Resto favorit keluarga kami. Ada yg lesehan dgn posisi kaki di bawh meja. Seruuu
"Hokben oh hokben. Baru kali ini aku kecewa sekali dengan performamu. Semua baik baik saja sampai aku yang bodoh ini mencoba untuk pesan menu barumu yang unagi itu. Pas datang astaganaga baunya nyengat banget, bukan bau fresh atau sausnya â€¦"
Dari dulu makananya mantap
Enakkkk. Pas di kantong.
"saya pesan take away dijanjikan kasir tunggu 8-10menit, waktu saya tagih lebih 15 menit, kasirnya ganti dan bilang sabar mas yg bikinkan cuma 1. WOw kalo gitu jgn janji dan sama coutomers yg lebih ramah, parah2!!!"
Tempat makan HokBen favorit di Surabaya dari jaman kuliah.
nggak afdol kalo ngga nambah salad ğŸ˜‹ğŸ˜‹ â€¦
"Menunya lumayan banyak pilihan,suasana pas saya makan tidak terlalu ramai,pelayanan cepat"
kangen duduk nya yang lesehan dulu
Sepi ya skg delta. Jd aga krg fresh de gorengane ya d tingkatkan biar g terlihat suram g ad musik ato apa sunyi senyap
Tempat nyaman dengan makanan jepang yang cocok di lidah orang indonesia. Dengan harga terjangkau.
Tolong bagi pihak resto ni aplikasinya udh buka jam 8 pagi tapi knpa sya pas dpat orderan jam 9 30 makananya belom da yg masak semua.. Tolong d perhatikan kasihan kita sebagai driver harus nunggu sampai 30 atau menit karna waktu kami sebagai driver sangatlah berharga
"Setiap senin ada promo buy 1 get 1 bento spesial dengan menggunakan uob one card atau niaga paywave.. bisa juga menggunakan aplikasi dana dapat cashback 50% maks. 25k, kalau aplikasi gopay cashback 20% maks 20k.. rasa standart tapi untuk menu cemilan lebih enak hokben daripada yoshinoya, menurut saya.."
Makanan yang dikangenin. Kadang pakai mobile payment bisa dapat lebih murah.
Pelayanan buruk datang pertama Ndak di layani udah kelewat 2orang
"Menu baru (salad bowl) nya enak, dan sudah tidak ada pilihan rasa saus untuk saladnya, entah itu karena sisa 1 rasa atau memang sudah di modifikasi dan improvisasi, sehingga saus yg baru rasa lebih enak"
"Resto Jepang yg bukan produk Jepang ini selalu jd andalan di saat perut keroncongan, value dan favorite set menu paling favorit...cuma skrg kalau jam makan siang kasian pelayanannya agak kerepotan krn hrs berjibaku melayani customer biasa dan pak grab dan gojek, Semangat Terus dan sukses !!!"
"Tempatnya strategis depan penginapan saya,tinggal nyebrang aja..letak hokben.nya deket sama miniso..jadi kalo kesini sblm makan mampir dulu ke miniso ato sebaliknya..hehe..menu.nya ada teriyaki,yakiniku,shrimp.roll dll.tpi yang paling aku â€¦"
"Sebenarnya rasa masih paling enak, tetapi saladnya sekarang menyedihkan ğŸ˜­ğŸ˜­ğŸ˜­... biasanya sih full kol timbang wortel tapi porsi lebih banyak dulu... sekarang ğŸ˜£ğŸ˜£ â€¦"
"Merupakan jalan keluar untuk memilih tempat makan. Saya rasa semua hokben sama saja. Setelah beberapa kali kesini, menjelang tutup sekitar jam 9 pasti ada makanan yang tidak lengkap. Jadi kalau mau lengkap lebih baik datang pas jam makan malam."
"Tempatnya sangat Nyaman dan Makanannya sangat2 Enak dan Lezat ğŸ‘ğŸ‘ğŸ‘ harganya pun terjangkau juga, pokoknya sangat2 Cocok untuk sekeluarga. â€¦"
"Semoga tidak terulang lagi..ksalahan pemberian pesanan. Saat order via gofood. Karena walapun pihak resto mau antar ulang, sy tetap dirugikan krn mnunggu lbh lama.makasi"
"pelayanan lama,makanan tidak ready ( shumay steam ) restaurant fast food TAPI gak READY ( agak aneh ) ada pesanan baru d buat.sudah pesan minta d batalkan krn gak READY,tapi kata krywn nya sudah terlanjur dibuat, ok d tunggu 15menit.setelah â€¦"
"Pengalaman di hokben itu pelit sendok padahal menu dipesan 4 ,tapi minta sendok tambahan 2 pcs saja ,sumpit saya langsung diambil 2 sebagai gantinya sendok plastik yg saya minta.itu makan ditempat bukan untuk dibawa.perasan cuman hokben di delta saja pelayanan demikian.saya di tunjungan saja mendapat pelayanan levih memuaskan"
"Pelayanan ramah,makanannya juga enak..harga terjangkau,g rugi deh kalau ajak teman dan klg makan bersama d hokben delta.."
ada outletnya sendiri. luas dan selalu tersedia menunya. tapi promo buy 1 get 1 dengan kartu visa jenius kemarin ga bisa diterima oleh mereka
"Makin hari, layanan sangat lemot. Tdk di rekomendasikan buat ojol. Sangat lambat"
"Tempatx ok nyaman ramah n g buru"" diusir kalo kelar makan. Kebtulam kalo buber slu ksna sm kuarga g kayak tmpt mkn yg pdt kalo pas buber"" gt pst ngusir alus wkwk"
"Bagus, bersih, cuman waktu Buka Puasa, staff ditambah, kasian numpuk yang antri buat buka puasa."
Pelayanan cepat dan bagus. Makanan enak. Cuma waktu minum ocha nya kerasa bau kecut. Jadi saya beli jenis minuman lain.
"Kenyang abis hehe, suka pelayanannya ramah.. waktu itu ramean bareng keluarga dan sodara, bersih dan well budayakan ngebersihin bekas makanan dimanapun ya, keliatannya kalo ga diberesin tuh jijik nyampah banget"
okee disini
"Pelayanan cepat, dan juga ramah. Kalau datang saat jam makan siang pasti selalu penuh."
"Bagus suasananya,tempatnya juga bersih.pelayanan bagus dan cepat sehingga tidak antri"
"Rasa nya selalu favorit sih, menu hemat nya gak bikin kantong jebol apalagi selalu ada promo gopay atau ovo jadi makin hemat dan bisa makan enak dong pasti nya."
"Tempat bersih, rapi, kebersihan karyawan terjaga, sayang tiap coustumer datang tdk ada protokol kesehatan tdk di cek suhunya dan disfektannya, dan pelayanannya agak lambat, kurang cepat"
"Mencari makan siang di Plaza Surabaya, Menu Hoka Hoka Bento cukup banyak pilihan dan sedia paket yang murah, cukup enak dan harganya terjangkau. Pelayanannya cukup ramah dan ruang makannya cukup luas dan bersih."
Tempat yang cepat dalam pelayanan Menu juga sama seperti kebanyakan restaurant hokben lainnya. Overall rasa dan harga bersahabat. Recommendes untuk pecinta kuliner jepang.
"Bersih, waktu buka puasa kurang gercep pegawainya, munkin bisa ditambah."
Enak sih as usual...tp krg innovative hokben dari dulu nih... Ditambah dong menunya yg variatif gt misal menu bakaran jepang atau apa. Biar gak melulu gorengan n katsu gt...
Pelayanan : baik
Tempatnya sudah direnovasi jd lebih nyaman..
Untuk makanan ini selalu ingin untuk mengulanginya lagi
Suasana bersih . Pelayanan cepat Makanan enakk
"Saya suka menunya, tidak pernah bosan makan HokBen, stafnya ramah, lingkungan bersih,dan jalankan prokes dgn baik"
"Lumayan, pelayananx sudah berubah"
Nama nya restoran cepat saji tapi untuk ayam goreng aja masih nunggu 30menit ... Sangat mengecewakan..
Pelayanannya buruk..... 2 kasir cuma jalan 1 kasir aja.... Jadi antri panjang.... Sampai nunggu 1jam... Hufh payah.... PelayanannyağŸ‘ğŸ‘ğŸ‘ â€¦
Pelayanan sangat ramah. Area makan cukup luas. Selalu suka sama hadiah-hadiah kidzu bento ğŸ˜„ â€¦
"Tempatnya kurang menyenangkan, jika ada yg ultah maka tempatnya jadi full bgt, kita orang luar jadi susah mendpat tempat duduk."
Saya sdh 3 kali kesini rasanya pas sesuai selera harga sangat sesuai dan terjangkau layanan sangat ramah
"Pelayanan cepat, ada jalur antri sesuai jarak aman, ada sanitizer dan pembatas antara pembeli dan karyawan."
"The place is not as big as any other outlets, and the seating place is not many too. But the taste is not different. It is yummy indeed!"
"Tempat agak kepojok. Samping racha / gokana. Ancer2 cari aja KFC ato superindo. Lalu tengok ke kanan, ada jalanan kecil, lurus ajah. Samping atm center."
"Nasi agak susah diambil dengan sumpit, yang seharusnya mudah bagi restoran yg mengusung konsep bento/Japanese."
"A decent fast food restaurant, with a very simple and minimalistic design.. it seems there was none of japanese design in the place. â€¦"
"Tempat cozy, ga terlalu rame dan menu lengkap. Cocok buat kalian pecinta hokben"
Tempat cukup bersih Tidak terlalu luas â€¦
"Hokben disini termasuk lengkap dengan penyajian yang cukup cepat, tempatnya juga agak luas dan anak2 dapat merayakan ultahnya disini"
Tempat nyaman. Pelayanan ramah... Cocok untuk makan bareng keluarga
tempat makan nyaman dengan menu rasa yang enak dan pas di lidah jadi ga bosen makan disini.
"Pelayanan ya ampun ogah ogahan sama pembeli, nada bicara dan mukanya jutek gak ada senyum sama sekali."
Tempatnya cukup luas.. untuk pesta anak juga bisa. Harga makanan standard fast food..
"Pelayanannya lumayan lah, makanan enak, tempat luas dan bersih"
"Dapat kenyangnya,dapat ramahnya dapat murahnya"
"Anak-anak suka di sini. Padahal tempatnya standar, ga terlalu luas. Tapi nyaman aja gitu."
I've just tried its brand new menu called Tokyo salad bowl which came in a reasonable portion and was so tasty. Just lovely!
"Pelayananya baik, makananya sangat enak"
Hokben di Plaza Surabaya. Menunya bisa di search ya.. Ada menu buat anak2. Bisa buat ultah juga. Porsi cukup.
selalu puas dan hemat
"Tempatnya luas, menu nya enak enakk"
Saya driver go jek pesanan kurang minuman sama karyawanya cuman dikasi makanannya aja minumannya tidak diberikan
"Pegawai ramah, saya diberitahu kalau sudah waktu buka"
Enak.. Ochanya bisa refill. Sayang dumpling gorengnya blum tersedia.
Makanan oke. Minuman (es sarang burung) nggak oke.
Tempat bersih dan nyaman Ada tempat untuk mengisi daya hp Dan juga pelayanan oke !
"Agak kotor meja dab kursinya, terutama yg dekat wastafel dan pintu masuk"
"Tempat yang luas & nyaman dengan konsep baru,sangat cocok buat makan bareng keluarga"
Masih sama seperti dulu... Istimewa
Tempat makan fav di plaza Surabaya
Iam not experience but hungry ğŸ˜€ğŸ˜€ğŸ˜€ â€¦
Rasa yang sangat beraneka ragam selalu mmebuat saya ingin makan disini
"Ngasal aja kalo di takeaway. Ga dikasih mayo, acar salad seupritttt"
"makanan ini ternyata sesuai dengan lidah orang indonesia, dan porsinya pas di perut..."
"Bersih, dan pelayanan memuaskan untuk saya yg first time makan di hokben hehhe"
Bagus tmpatnya. Banyak pembeli juga. Makan bisa dgan nyaman
Nyaman suasana tidak terlallu ramai
Tempatnya nyaman
Salah satu tempat masakan ala jepang yg sering dikunjungi disby
Everything was fine. Kalo lagi promo pasti antrinya rame..
Mahal
"Kalo disini dressing acarnya cepet banget encernya, entah kenapa.."
Masi selalu rame yg makan disini
"Menu nya murah, enak, pas di kantong"
Nyaman untuk makan bersama keluarga
Tempat nyaman dan menerapkan sekali protokol kesehatan
"Harga terjangkau, cozy, menunya lumayan banyak, enak"
Tempatnya nyaman
Waralaba makanan cepat saji di dalam plasa surabaya lantai dasar
Favorit = value set upgrade shrimp dumpling.. Yummy
Tempat nyaman buat family time
"Enak makannya, nyaman tempatnya.."
Menu berbeda dan maknyus buat 4 sehat
Hokben Plaza Surabaya lokasinya di lantai bawah sendiri dekat dengan ATM Center
Makanan cocok untuk anak2
Ok
Layanan ini cepat
Agak sempit tempatnya.
"Ocha, rasa air putihnya dingin sekali"
"Nyonya Saya membelinya secara online sejak lama, Saya sama dengan pelanggan dan sama dengan pembayar."
"Karena banyak, banyak menu yang tidak tersedia sehingga harus menunggu 10-15 menit"
Ada luka kaki dibawah meja....doanya bagus sekali....hanya penerangan kurang terang
Tahu itu 1 tok Tuangkan air lemon di atas air keran Ditambah lagi harganya agak mahal
"Pencari kado bento kidzu, serial jam tangan lucu"
Rasanya biasa saja. Sesuai selera. Mahal
cicipi makanannya....harganya bagus...
Rapi. Rapi. Membersihkan. Membersihkan.
Oke.. Sip
Ocha isi ulang pembalut baru
Ini adalah tempat favorit istri saya. Hehehe
Pelayanan ojolnya lambat sekali
Pilihan untuk anak-anak yang beragam
E Putra
Anak-anak menyukainya
Jika
Itu rata-rata...
pria meja
Harus mengantri
Cuaaaaaa
Banyak
Sipp
Enakk
Enak
Sukaan istri
Tempat yang bagus
vs normal
Ada kecoak
Buber 2022 ğŸ˜„ â€¦
anak haram......
Sakit perut
Tempatnya cukup strategis dan luas. Parkirannya sangat luas dan berbayar. Tersedia indoor berAC dan outdoor. Terdapat juga ruangan kecil untuk perayaan ulang tahun anak dan sebagainya. Pelayanannya cukup baik dan ramah.
"Kesini sore pas ada birthday party, suasananya jadi rame banget. Stafnya ramah, rasa ramennya entah kenapa lebih enak dari outlet lain, mantap deh ğŸ‘ â€¦"
"Kali pertama nyobain hokben di restonya langsung, ngerasa nyaman tempatnya, pegawai ramah, ac dingin dan ada satpamnya."
"Lokasi strategis di tengah kota Surabaya jadi mudah diakses dari manapun, parkir cukup luar ada musholah dan bisa layanan drivetrue. Kebetulan kita pakai hall hokben utk acara perpisahan kelas paket yang ditawarkan menarik. Sudah disiapkan mc yg cukup menghibur anak2 jadi acara semakin meriah"
Lokasi restoran strategis di tengah kota. Dekat dengan Jl. Darmo. Restorannya ternyata cukup luas baik untuk parkir dan tempat dine-in. Menu tidak perlu saya nilai karena sama seperti Hokben pada umumnya.
Lelet parah bgt pesen es merah delima bilang nya nya nunggu 15 menit sampek satu jam gak dateng2. Sampai saya tinggal pulang (tgl 9-10-2024)
"Salah satu HokBen terenak yang pernah aku kunjungi. Dan enak disini bkan cm makanannya saja, tapi semua hal wkwk. Dari pelayanannya, makanannya, tempatnya, kebersihannya, suasananya. Semuanya enak. Harganya juga worth it dgn makanannya. â€¦"
"Setelah berapa lama tidak makan hokben, saya cukup kecewa dengan ukuran gorengannya yang mengecil menjadi bulat, padahal dulu besar dan lonjong. Area parkir cukup luas, ada drive thru juga. â€¦"
"DRIVE THRUE TERBURUK NUNGGU DI JENDELA 15 menit gak direspon, akhirnya antri ikut gojek, EH ADA CEWE DATENG DI JENDELA DRIVE THRUE LANGSUNG DI RESPON ğŸ¤£ğŸ¤£ğŸ¤£ â€¦"
"Tempat nyaman, pelayanan ramah, parkir luas, bisa dine in, drive thru. Namun ada sedikit masukan yakni perihal lalat. Krn saya lihat ada bbrp lalat yang masuk di resto. Semoga lebih diperhatikan lagi"
Kesini karena harus meetup makan siang bareng client yang ngebawa anaknya. Terletak di pusat kota menjadikan salah satu fast food bernuansa jepang ini menjadi rujukn buat orang-orang yang tidak ingin masuk dna antre di mall â€¦
"Hari ini kecewa berat makan hokben. Padahal makan hokben biasanya enak2 aja, jam 09.40 saya ke sini pesen chicken yakiniku tapi rasanya bukan yakiniku, rasanya kecut dan berlendir.. saya komplain ke pelayan katanya gpp rasanya emang gitu â€¦"
"biasa pesennya yg premium set baru enak, kalo yg lain biasa aja sih. lokasinya lumayan besar dan enak juga kebetulan deket dr kos saya, minusnya keluar masuk tempatnya harus hati2 krn pas banget d pojokan lampu merah jdnya banyak org yg stop disitu. makanya lebih enak delivery sih"
"Gerai Hokben yang wajib dikunjungin bila memang mau khusus berkunjung ke hokben karena gerainya tidak gabung dengan mall ataupun usaha lain. makanan enak banget untuk paket beef nya, waktu datang ada dapat promo ramen â€¦"
"Hokben polisi istimewa sekarang sudah direnovasi, tempatnya jadi lebih bagus dan sangat bersih dibandingkan resto fast food dan tempat lainnya, nyaman untuk bawa keluarga di sini dibandingkan dahulu. Petugas ramah dan sigap. Terdapat mushola di bagian belakang, mushola bersih dan terdapat mukena."
Parah beli es pas dapet es nya secuil ğŸ¤£ zonkkkkk banget. Kasir hrs nya blg dongg es kosong kl mmg gak ada es nya.akhirnya gak kemakan angelll â€¦
Hampir 1 jam nunggu ngapain aja ya karyawannya kayak resto paling rame aja ğŸ˜„ Hoka hemat 30 rb tapi waktunya segitu lama â€¦
Pas sampai disini kondisi outletnya bersih âœ… Makanan ready dengan kondisi penataan cantik dan terlihat segar âœ… petugas perempuan siap âœ… kondisi tidak terlalu ramaiâœ… petugas menginformasikan refill ochaâœ…
"Shrimp roll dan egg roll standar hokben namun acar lobak dan wortel sangat asam dan asin ga seperti standar hokben. Tapi yang bikin males balik, drive thru tapi diminta PARKIR! Baru kali ini drive thru diminta parkir, tolong diurus jukirnya, kayak preman aja!"
Tempat ini memang enak buat nongkrong cuma untuk kopi panas tidak tersedia
"Parkiran luas, ruangan bersih, pilihan paketnya banyak macam, ruangan untuk acara ultah cukup besar.."
"makanannya enak, cocok buat anak2 juga. tapi kadang lamaaa bgt kalo pas pesen ramen. Kadang kalo pas rame mejanya lama ga dibersihin. Mungkin perlu dibikin self service (cleaning) kali ya seperti di beberapa resto lain."
"Tempat nyaman bnget bersih, parkiran luas pelayanan nya luamayan ok, pengalaman kemaren g sengaja numpahin minuman k lantai abis itu panggil pelayan untuk d bersihin tapi cuman di pel aja ada tisu basah d lantai g di angkut anjiirr, â€¦"
"Pelayanan ramah, tempatnya nyaman, luas, dingin, cocok untuk makan bersama kolega dan cocok untuk membawa anak"
"Seperti biasa, pelayanannya menurut saya bagus dan cepat tanggap. Order via gojek juga cepet banget nyampenya, padahal baru nelfon tapi udah nyampe aja. Suasana tempatnya selalu lumayan rame kalau disini. Cocok juga untuk yang punya acara â€¦"
"Jarang sekali makan Hokben sejak tampilan menu dan harga berubah. Karna sejak yang baru ini hokben jadi too pricey dengan porsi yang sangat imut, tidak sesuai gambar dan tidak sesuai harga. Kemarin makan karna terpaksa. Ditawari kids menu, â€¦"
"Makan Hokben terlama penyajiannya padahal makanan cepat saji, padahal gak terlalu ramai. Tingkatkan pelayanan, meja kotor juga lama di bersihkan. Tempat padahal bagus, sangat perlu peningkatan pelayanan minimal seperti outlet yang lainnya."
"Kekurangan karyawan, banyak meja belum dibersihkan Parkiran diatur oleh org external..kasih batas2 krndaraan yg menyulitkan. â€¦"
"Makanan enak dan pelayanannya bagus, hanya saja tidak nyaman saat makan karena ada lalat di dalam ruangannya."
"Bento Ramadhan makan bareng teman2 blogger. Tempatnya strategis, anak saya betah karena bisa main sepuasnya di play ground yg sudah disediakan ama pihak hokben. Parkirannya luasssss banget. Ada 2 ruangan buat yg mau kongkow. Di tempat ber â€¦"
"Tempatnya nyaman, strategis dekat perembatan besar. Ada ruang meeting yang bisa dipergunakan tanpa mebayar biaya tambahan, cukup minimal 20 orang dengan membeli paket makanan yang tersedia. Ada LCD proyektor jika diperlukan. Parkir luas sekali, pelayanan cukup prima. Delivery order."
[BENTO RAMADHAN] Kalo mau #Bukberseru cawww aja ke @hokben_id di #HokbenPolis dimana saat ramadhan ini ada menu #BentoRamadan dan yang paling penting buka 24 jam! Jadi kalo pgn â€¦
"Lokasinya sebelum perempatan lampu merah Jl. Raya Darmo. Parkirnya luas. Sebelum pandemi, restoran ini bisa disewa untuk acara ulang tahun anak-anak. â€¦"
"Tempatnya luas ditambah dengan fasilitas wifi, menjadikan makan disini dan nongkrong bersama teman menjadi nyaman. Tak perlu khawatir bagi orang tua, disini disediakan tempat untuk bermain anak. Disini juga bisa dibuat acara ulang tahun juga lhoo. Soak parkiran tak perlu dipikirin juga, karena disini parkirannya luas kok."
nunggu sampai satu jam belum selesai juga di mohon pada pihak terkait coba di cek restorannya pegawai super duper lelet parah kebanyakan guyon
"Saya delivery ayam krispy nya hokben, ternyata enak banget di padu sama salad dan mayo khas hokben nya."
"Tempatnya luas & bersih. Pelayanan cepat. Untuk menu sama semua seperti di cabang-cabang hokben yang lain. Value set menu yang irit, dengan harga yang cukup terjangkau, menunya juga lengkap, sudah include ocha & soup. Seharusnya juga disediakan saus tomat bagi yang tidak suka saus sambal."
"Pelayanan cepet, tapi ntah mulai kapan pelayanan hokben konsepnya agak dirubah dari menadah sendiri makanan yang sudah dipilih lalu bayar sekarang pilih makanan ini itu langsung bayar lalu â€œmenungguâ€ nomer dipanggil baru ambil makanannya. Gapapa gapapa yang penting kan masih cepet kalo lama yaa turun bintang"
tempatnya dekat dengan perempatan dan rambu lalu lintas gampang diakses mudah di kenali dari jauh ada delivery order â€¦
"Makanan enak utk semua umur, pelayanan ramah terampil cepat respon nya cocok resto keluarga"
"Hokben ini letaknya strategis banget, di tengah kota gitu. Areanya luas, untuk parkir motor/mobil bisa menampung banyak. Drive Thru nya juga lega. Tempat makannya di dalam/diluar sama-sama nyaman. Area bermain untuk anaknya mudah diawadi.. â€¦"
Brand new logo Hokben dahulu hola hola bento. Enak tempat luas. Satu2nya Surabaya yang di liuar mall. Parkir muaat Mobil banyak. Bisa drive thru. Ada ruang pesta dan meetingnya . Mushala.
"Baby chair hanya 2 biji. Kurang donggg, sekelas hokben dimana menjadi andalan ibu2 ketika anaknya gtm."
"Pelayanannya tidak tepat waktu, katanya nunggu 10 menit, ternyata sampe 30 menitan. Mungkin karna saya datang pas pagi jadi belum bener2 siap semua menunya"
Kalau pengen daging enak yang paket C tp no free drink. Kalau pengen daging dan kenyang banget yang premium sudah dapat kitkat dan free ocha bisa refil. Kalau pengen cobain tofu ya menurutku bakso tahu tepatnya juga enak.
"Enak sih , apalagi klw malam duduknya diluar ada angin semilir dan ini sedang menikmati nobar bola Persib vs Persela , strategis tempatnya . Ada toilet diluar dekat tempat parkir . Ada wastafel diarah masuk pemesanan , ada beberapa hand â€¦"
"ya seperti hokben pada biasanya, menyediakan makanan khas jepang dengan harga selangit dan porsi sedikit namun tetap lezat dan kualitas yg sangat baik. ada biaya parkir dan di sini melayani drive-through"
Makan hokben dsni enak ya gak usah masuk mall Langsung cuss Sy pesan dry ramen lamaaaa banget 30menitan Mohon d perbaiki
"Akses ke lokasi mudah. Parkir luas dan ada tukang parkir untuk membantu. Waktu mengambil pesanan ditinggal gitu aja, ternyata bisa langsung diambil tanpa tunjukin nota pembelian, jarang ada resto kaya gini mungkin salah satu pegawainya aja yang begitu ya. Overall tempat nyaman, rasa standart sesuai dengan cabang lain."
"Sangat lama ! Cukup 1x saja kesini ! Pesanan saya sederhana, yang tertera semua di depan. Pesanan saya juga tidak banyak. Silahkan dicek difoto yang saya upload. Tapi.... Sangat lama untuk pesanan â€¦"
Resto paling lama pelayanan gak bagus buat apk online jangan pesen online pelayanan paling lama
"selama bulan Ramadhan, @hokben_id polisi istimewa buka 24 jam!! mau buka puasa, mau sahur, mau makan siang (soale libur puasa) bisa banget ke hokben dan beli bento Ramadhan â€¦"
Salad & mayonnaise resto ini akan selalu jadi yang unik dari brand resto Hokben. â€¦
"tempat favorit masakan japan cepat saji, keren banget dah, cocok untuk makan bareng bersama keluarga, ngumpul bareng sama temen temen, parkir aman dan luas, harga sangat murah, sajian pun hemmm yummy dah. Ada drive tru nya loh guest. Ada smoking area juga, eitt, menu buat anak anak gak ketinggalan dapet mainan juga."
"H+3 lebaran ngajak makan bareng keluarga disini, dengan baris antrian lama banget, hampir sejam, Setelah dapat giliran order di counternya, eh ternyata masih harus antri lagi â€¦"
"Tempatnya sangat nyaman. ada pilihan untuk indoor atau outdoor. fasilitas tempat parkir juga luas. cocok untuk makan bersama teman, pasangan, keluarga. Menu yang ditawarkan juga sangat enak. tersedia berbagai paket menu yang bisa kita pilih sesuai dengan selera."
"Kalau ga kerja sama sama grab tolong itu promo di grab dihapus aja, koordinasi sama grab kalo di hokben gaada promo grab, jangan mau diem aja, masak di grab ngasih promo tapi di restonya dibilang enggak ada promo"
"Lokasinya di pinggir jalan. Halaman parkir luas. Ada area bermain anak, ada mushola, dan tempatnya nyaman. Ada tempat buat meeting room"
"Sudah beberapa kali kesini Kali ini saya pesan fried chicken yang ternyata enak juga rasanya , biasanya pesan bento atau rice bowl â€¦"
"Hokben restoran jepang yang sudah populer. Menyajikan makanan dengan kualitas yang terjaga. Rasanya enak, saladnya enak. Restoran cepat saji yg lezat dengan lokasi yg strategis dan luas. â€¦"
"Tempat luas..ada space buat acara ultah sendiri, sayang uda gaada prosotan buat anak2, pelayanan juga cepat..menu semakin beragam"
"Baru kali ini beli hokben sangat kecewa salad mayo nya sangat waterry, sampai di gelas nya ada genangan air, jadi harus di pisahkan dlu saya tuang di nampan, untuk daging nya standart hokben, gornegan nya enak as always hokben, free refill â€¦"
"Salah satu store HokBen yang sering saya datengin karna store'nya tidak gabung didalam Mall jadi buka'nya sampai jam 23.59 dan area parkir yang sangat luass. Eits, ada drive thru'nya juga loh! Tempat sangat luas, kebersihan terjaga, nyaman pokoknya. Namun untuk yang di outdoor banyak nyamuknya hehe"
"Tempat makan yang nyaman, dengan harga menu yang terjangkau. Pilihan menu juga variatif dan sering ada program program promosi. Apalagi ada tambahan cash back 50% kalau pakai ovo, jadi harganya semakin terjangkau. Ada kursi tinggi untuk â€¦"
"Tempatnya luas, kids friendly dengan arena bermain yang bersih dan lumayan lapang. Pelayannya ramah-ramah dan tanggap. â€¦"
"Selalu senang kalau makan di sini. Tempatnya bersih, nyaman. Parkirannya luas. Waktu pesan makanan juga tidak perlu nunggu lama. ğŸ‘ â€¦"
Siapa tidak kenal Hokben? Rasanya semua orang se-Indonesia pasti sudah tidak asing dengan restoran yang menyediakan berbagai menu masakan khas Jepang ini. â€¦
"Nunggu nya lama hampir 1 jam sendiri ,padahal outlet gak seberapa rame dan Kasir Tidak Menunjukkan Promo Yang ada"
Tempat ini menawarkan makanan khas jepang cepat saji. Tersedia pula tempat main untuk anakÂ². Parkir juga tersedia luas. Area ininjuga mudah untuk dijangkau dr pusat kota.
"Tempat cukup bagus dan luas, waktu saya datang rame banget sihğŸ˜… makanannya sukaaa, as alwaysğŸ˜Š â€¦"
"Tempatnya bersih, porsi lumayan.. cocok buat nongkrong bareng temen/keluarga"
Tepatnya nyaman!! Cocok untuk keluarga. Ada area bermain anak. Parkir luas. Menu komplit. Pelayanannya Ramah. Refill ochanya juga selalu tersedia. Outdoor dan indoor. Selalu nyaman kalo kesini.. Rekomendasi kalo untuk makan bareng keluarga.
"Pelayanannya cepat dan ramah, menunya lengkap dengan promo-promo yang menyenangkan, maaf fotonya pas hidangan sudah habis.."
Tempatnya luas & interiornya bagus bikin betah. Pegawainya juga ramahÂ². â€¦
"selain makanannya yang enak, tempat ini menawarkan suasana tengah kota yang bagus tapi tetap jauh dari nuansa bising karena halamannya yang luas. ada opsi tempat indoor (smoking dan non-smoking), outdoor dan dilengkapi dengan tempat bertema â€¦"
"Tempat nyaman dan strategis. Ada musholla, Playground, ruang AC, ruangan untuk merokok. Parkir roda 4 dan 2 nyaman. Ada toilet, wastafel."
Makanannya sih enak dengan harga relatif terjangkau. Layanannya bagus dan ramah sekali. Suasananya ramai dikunjungi pembeli dan parkirnya cukup memadai. Guud lahh
"nunggu 1 jm lebihh kata e yg ready hoka hemat tapi nunggu sak jam , nunguin pesanan sebelumnyaa yg makanannya ready 25 mnt haha kocak."
"Tempat bersih,mkanan enak,pelayanan dari segi suara ramah..sayang wajah pegawai kurang senyum dan cenderung cemberut."
"Rasa makanan standar, penyajiannya bagus, harga standar, suasana resto sangat nyaman dan bagus â€¦"
Makanan masi std hokben Salad tidak watery Karna mayo di pisah â€¦
Enak2 makanannya. Porsi mayan. Harga best lah...
lama pembuatanya masak sampe lebih 30 menit
"Tempat makan ala jepang.. ruangan cozy, bisa untuk sendiri, berdua atau dengan keluarga.. cukup ramai setiap harinya, apalagi ketika ada yng lagi ber ulang tahun,meskipun sudah ada ruang khusus, akan tetap penuh dg orangtua yg mengantar dan ada tempat bermain untuk anak. smoking area khusus di depan.. tersedia mushola"
"Masakan dan irisan daging disini beda dgn hokben yg lain, rasa masakan jg beda, seperti makanan sisa kemarin yg dihangatkan kembali, pelayanan di counter pemesanan untuk karyawan laki-lakinya jg terkesan asal2."
Salah saru Hokben 24jam. Tempat strategis. Parkir dan tempatnya pun luas. â€¦
"Baru pertama kali kesini.. tempatnya luas, bersih dan nyaman Parkiran juga oke Kaget banget sama porsinya lumayan banyak dan bikin kenyang banget â€¦"
"Pelayanan lama banget..... Sistem baru yang tidak nyaman. Menunggu pesanan selesai lama banget. Meja juga kotor,tidak langsung dibersihkan. Karyawan tampak sibuk sendiri dan menjawab dengan ketus. Mendingan ke restoran keluarga yang disebelahnya aja deh lain kali...."
"Service buruk, drive thru nunggunya lama banget, suruh nunggu di parkiran udah sejam lebih, ternyata pas disamperin udah ada tapi gak di anter"" sama orangnya."
Menunya lengkap Pelayanannya juga ramah Cm sekarang sudah tidak menyediakan tempat bermain anak
"Tempatnya nyaman banget, parkiran luas. Recommended banget buat meeting, ngadain pesta ultah dan reuni :) cukup pesen makan 30rban minimal 20 org . ğŸ‘ŒğŸ‘ŒğŸ‘Œ makannya juga enak parahh â€¦"
Tempat baru.. knp kok gag d bersihin setelah makan.. apa skarang peraturan baru yg makan naruh k tempat dapur..? Td awalnya maunya makan d tempat..lah kok mejanya kotor smwa..jd bongkos ae gwo moleh..bwa anak jd tdk nyaman..ğŸ¤–ğŸ¤–ğŸ‘ğŸ‘ â€¦
"Sudah lama tidak kesini, ternyata tempatnya berubah. Suasanya sangat nyaman, desainnya sangat homey sekali. Cocok untuk keluarga. Sayang tidak ada tempat bermain untuk anak."
Kalau Jumat sore sepi.... Enak buat makan sendirian. Hehehe
Parkir Mobil Cukup luas bs puluhan ada drive true juga Pemesanan bisa langsung di kasir sambil nunggu pesanan nanti di pangilan nomer kita trus makan â€¦
Pelayanan cepat sebelum tutup Last order dilayani dengan maksimal Bisa santap hingga larut malam â€¦
"Tempat luas. Parkir motor mobil lega banget Slama pandemi, mainan anak tutup. Dan tdk ada daun bwg dlm sup.. â€¦"
"Tempat yg paling nyaman untuk makan ğŸ˜Š Selain tempat nya yg bersih, makanan disini juga enak lo guys,, untuk tempat parkir nya juga termasuk luasss... â€¦"
Proses untuk driver ojol lamaaa sekali terutama gojek.
Tempat luas nyaman parkir luas
"Tempatnya mudah dijangkau, taste masakannya enak.parkiran ada. Semoga setelah renovasi akan lebih nyaman"
"Hokben fav di Sby setuap kali kepengen mkn ini. Letak tengah kota, parkir luas, meja makan jg byk. Tersedia indoor & outdoor. Pelayanan cepat & ramah. Setiap kesini jrg sekali sampai krodit terlalu penuh. Selalu msh tersedia tempat. Nice ğŸ‘ â€¦"
Mbak karyawan / kasirnya kalo ngomong kurang sopan terhadap saya masak saya dibilang (matamu ga ndelok ta mas)
"Gorengan HokBen yang menjadi favorit saya, rasa ayam terasa dan empuk, scrabble telur nya juga enak. Layanan cepat, tepat dan ramah. â€¦"
"Nasi tidak pulen dan agak keras, chicken teriyaki rasanya pahit dan berbau seperti sudah lama, egg chicken roll ukurannya sangat kecil ini semua di bandingkan dengan outlet hokben yang lainnya. Terrible experience banget makan disini. Plusnya cuma tempatnya oke."
"Kebetulan mampir hokben pas lebaran.. lumayan antri.. mungkin karena ramai, jadi agak kurang bersih ya, sisa tempat makan tidak langsung dibersihkan, jadi mau duduk harus bersihkan meja sendiri.. untuk rasa l, sipp lah, standar hokben"
"Rame banget, makanan nya enak tapi kebersihan perlu ditingkatkan terutama di mainan anaknya, sangat bauk dan kotor, apa lagi banyak pengunjung yang tidak lepas alas kaki nya saat masuk area bermain anak2, harap diperhatikan"
"Hari minggu kemarin ke sana, AC mati, lampu juga beberapa kali mati, bungkus bawa pulang egg roll agak gosong tidak seperti biasamya, dan staff kewalahan karna ada acara birthday juga"
"High chair nya ditambah dong, masa cuma nyediain 1. Jadi harus nunggu lama pengunjung lain selesai makan baru bisa naruh baby saya."
Resto tolol kaya gini kalo Gx niat buka di go biz matiin aplikasi lue atau delete aplikasi go biz ny ... ğŸ‘ğŸ‘ğŸ‘ â€¦
"Enak g terlalu ramai, kesukaan anak2."
"Jika mencari makanan jepang ala fastfood,disini tempatnya. Berbagai pilihan makanan dan minuman tersedia disini,ada ebi furai ,minuman es kacang merah,teh ocha,dll.parkir tersedia luas dan ada arena bermain anak sehingga dijamin membuat anak kecil betah."
"Tempat yang bagus dan nyaman, makanan juga enak. Service dari pegawai juga bagus. Saya sudah beberapa kali kesini. Namun, ada beberapa point komplain dan saran dari saya berdasarkan pengalaman saya datang hari ini. â€¦"
"Udah kebiasa di cabang A. Yani, pas kesini lagi ordernya beda dg cara lama hahaaa Rasa tetap oke,lebih bnyak varian dan promo tiap bulannya. â€¦"
"Rasa mantaap, suasana jg tenang enak buat nongki2 ma temen2 & kluarga.. klo harga ya okelah..."
"Please, kemarin beef yakinikunya paprika hijaunya sudah terlalu leleh, cuman tempatnya enak disini luas. Karena kurang puas hari ini ke hokben PTC alhamdulillah dapat beef yakiniku yg paprika dan bombaynya masih kriukkkk"
Salah satu tempat mkn favorit si kakak. Harga bersahabat trs rasa perpaduan jepang indonesiağŸ˜„ğŸ˜„ â€¦
"Tempatnya asik, tidak terlalu rame juga, Pelayanan ramah dan cleaning service nya juga gerak cepat membersihkan mejanya sesaat setelah beberapa customer selesai makan,"
"Maaf ternyata HokBen mahal juga ya,sy pesan antar chicken teriyaki kok dpt hy 6 potong kecil dg harga 33 rb apa memang ada perubahan jumlah dan volume ya"
"Hokben berdiri sendiri, dengan parkir yang lumayan. Sekarang ada tambahan menu Mie Ramen."
"Pelayanan cukup lama. Pada kunjungan saat weekend (tidak ramai dan menu sudah ready), untuk pesanan siap saji membutuhkan pelayanan 20 menit, sedangkan menu ramen membutuhkan waktu â€¦"
Lagi renov jadi kursi terbatas. Jadi bungkus bawa pulang. Pelayanan ramah standar hokben. Parkir mobil atau motor luas dan banyak. Bisa drive thru. Mungkin abis renov jadi makin bagus.
"Tempatnya sangat cozy, pelayanan juga baik, selalu suka makan di hokben ğŸ˜‹ğŸ‘ğŸ½ â€¦"
Tempat cocok untuk menikmati makanan dan makanan yang selalu berinovasi
Kalau lapar jangan makan di sini. Pelayanan nya lama sekali.
Tempat makan yang selalu ramai.. dan tempat parkir yg luas Dan nyaman
"Menu set value sudah sangat cukup membuat saya kenyang dan selalu jadi satu""nya menu yg saya pesan disini, tapi bukan berarti menu yg lain tidak enak ya. Di sini tersedia berbagai menu set bento dengan varian harga standar siap saji. Untuk â€¦"
Resto hokben di sini tempatnya sangat luas. Bisa pilih didalam ruang atau diluar. Tempatnya juga asri banget. Menunya sepertinya menu hokben umumnya. Cocok untuk datang bersama keluarga atau mengadakan acara anakÂ². Tempat parkirnya juga luas.
"Makanan favorit, suasana nyaman. Parkiran luas. Ada area bermain anak."
Tempat favorit untuk makan masakan khas negeri Jepang. Tempatnya luas dan nyaman. Mudah dijangkau dan parkir sangat mudah. Untuk wahana mainan anak selama pandemi masih ditutup ya.
"Waduh ini makanan kesukaan kita, kenapa makin menurun kualitas nasi nya, yang saya tau dan rasakan nasi nya hokben itu terbaik karena beda dengan nasi yg dijual pada umumnya.. mohon di cek kembali ya sebagai bahan pertimbangan.. â€¦"
"Tempat makan cepat saji hoka bento, tempatnya luas, parkiran luas, nyaman ubtuk nongkrong, tersedia tempat duduk indoor dan outdoor, bisa jadi tempat nobar karna disediakan tv besar dan proyektor, biasa jadi tempat ulang tahun anak-anak juga."
"Tempatnya bagus, bersih. Makanannya juga enak. Mantap.."
"Protokol kesehatan saat pandemi sudah baik, pergantian shif karyawan sudah terjeda. Pelayanan untuk driver online dibedakan. â€¦"
Nice place cocok bawa anak2 bwt mainan smbl makan. Tmptny terang bersih
Makanannya enak dan banyak promo/cashback. Mantap pokoknya. Suka banget dengan kebersihannya.
"Tempat bagus, tapi masih renovasi masih kurang nyaman untuk sementara makan"
"Pelayanannya perlu di tingkatkan lagi, saat cust membayar dan ada trouble"
"JANGAN ORDER BUAT SAHUR Bulan Ramadhan di Resto ini!!!! BAru order sekali Udah Kapok, Order jam 2.46 selsei Sampe subuh jam 4.14, itu pun Mundur2 terus waktu antarnya, klo emang ga sanggup ya jangan Terima Orderan Online dong, Terlihat â€¦"
Drive thru Jadi andalan saat anak2 malas makan The best
More soup. More salads. Minumnya refill ambil sendiri dan ada tempat beramain anak. Buat mamak yg pengen pacaran sama bapak. Disini bisa ajak anaknya tanpa ganggu pacarannya.. Tapi tetep diawasi yaa ğŸ˜‚ â€¦
Nyaman bersih dan rasanya oke banget. Parkiran juga luas
"Tempat nya lumayan luas, dekat dari gereja hky. Pelayanannya ramahğŸ‘pelanggan harus lebih aware jika hokben sekarang banyak yg self service. Saya kasihan dengan pelayan yg masih ikut bersih-bersih meja padahal hal itu merupakan tanggung jawab pelanggan juga â€¦"
Sekarang sudah tidak ada playground/playhouse-nya lagi. Menu minum masih kurang pilihannya. â€¦
Pelayananya sesuai dengan standarr kesehatan ğŸ‘ enak dan pelayananya pun sangat baik ğŸ‘ğŸ‘ğŸ‘ â€¦
"Hokben paling nyaman di Surabaya. Parkir luas, tempatnya bersih dan dingin, rasa masakan paling enak dan stabil se Surabaya. Walaupun ramai masakan tetap enak. Pegawainya ramah.. Cuma sedikit lama penyajiannya, pernah juga tertukar waktu â€¦"
"Tempat bagus, parkir luas, ada musholla juga... Play ground, top lah"
"Rasa keinginan mu akan makanan jepang ke jepangan ini tersedia 24jm bro, sangat ramah pelayanannya yg pasti lebih nyaman dari Hokben yang ada di mall - mall pada umumnya"
"Pelayanan hokben memuaskan, cepet banget, cuman masih renov, jadi agak berantakan aja, tapi its oke untuk peningkatan lebih baik yaaa.."
"Protokol kesehatan diterapkan dengan baik di Hokben Polisi Istimewa ini, untuk dine-in hanya ada tempat duduk outdoor dengan maksimal 30 menit waktu makan."
"Baru tahu ada Hokben di lokasi ini. Layout dan interiornya cakep ya, kekinian. Di tiap meja ada stop kontak juga. Ada ruang tersendiri untuk pesta ultah anak-anak. Pelayanan cepat dan karyawannya ramah. Untuk pesanan online ada counternya â€¦"
Layanan Drivethru nya lumayan lama...
"Aku suka rasanya, dan juga tempatnya yang temaram romantis. Cozy dan terkesan elegance banget. Comfortable!!"
Bukan menu siap saji tidak ready
Pelayanan bagus Suasana nyaman Meja tertata rapi â€¦
"Disini enak banget, tempatnya luas dan nggak terlalu rame â¤ï¸â¤ï¸"
"Tempat makannya enak, staf ramah, dan juga makanannya enak ala Jepang"
"Pelayanan cepat,, pegawai ramah. Harga terjangkau. Makanan enak."
Ayam nya agak kurang cocok rasa nya buat ku. Egg roll sama salad ttp uennaakk. Ada tukang parkir nya yaa. Aku kira gratis. Pdhl tempat nya kaya ada parkiran sndr gt di dalem buat mobil. Eh ternyata ada tukang parkirnya. Kaya nya gak resmi â€¦
Kalo memang tidak mampu utk melayani pesanan online lebih baik dimatikan saja pesanan online nya... Jangan menyusahkan pelanggan maupun driver yg melakukan pesanan online...
Tempat strategis buat lunch dan ketemuan harga standard
"Paling Worth it Kalau dari Timur pas mau ke Barat, Makannya disini"
Selalu langganan ke sini bareng sahabat. Egg chicken rollnya juara!
Tempatnyaaa luas dan nyaman. Taste nya dari dulu gak berubah.
"Untuk lokasinya termasuk besar dibanding hokben lain, tidak terlalu ramai dan memiliki area parkir sendiri. Untuk makanan mungkin bisa menggunakan aplikasi kadang2 ada promo"
Ada perubahan cara pesan dan transaksi
"Nasi nya banyak juga, good price good vibe good food"
"Habis renovasi lebih bagus dan nyaman. Mungkin perlu di evaluasi sistem drive thru dan parkir motor ojol, karena letak parkir motor ojol agak mengganggu mobil yg mau belok jadi kesusahan banget â˜ºï¸"
Enak buat nyantai
"Tempatnya lebih luas , pelayanannya cepat, harganya relatif murah dan terjangkau cocok untuk anak 2dan untuk karyawan makan siang , tempat ulangtahun untuk anak 2 juga lumayan , banyak variasi cara bermain ."
Cukup pesan dan tunggu 10 menit.
"Pengambilannya sangat cepat, bahkan tidak sampai 5 menit"
"Pesan take away, minta sambalnya dikasih sedikit, atau malah tidak sama sekali. Tidak disediakan peralatan makan, dll. Makan dengan mulut langsung ???? â€¦"
"Ini resto fast food atau pangkalan ojol, di halaman belakang banyak ojol..apalagi grab â€¦"
"suka, suka saladnya ğŸ˜ğŸ˜ğŸ‘ğŸ‘ğŸ‘ğŸ‘ â€¦"
"Siang jam 13.00 AC mati, masih sejuk (kunjungi Selasa 25 Mei 2021)"
Sudah lama berada di layanan TAKE AWAY.
Tempatnya mudah dijangkau dan tempat parkirnya luas. Terdapat juga area bermain anak-anak
Pelayanannya kurang bagus...diterapkan untuk ojol menantn order selsai LM mint maaf kit di kerjo
"Untung saya satu-satunya yang ada di sana saat tempat itu sedang diperbaiki, jadi saya mencium bau cat"
Ya hokben. Senang rasanya bersantap di tempat
"Antriannya luar biasa saat puasa, antrian ojol lebih pendek dari biasanya"
"Restorannya bagus, bersih, dan ada tempat parkir mobil"
Pelayanan yang tidak adil. Mengapa pelanggan tetap lebih diprioritaskan dibandingkan pelanggan ojol?
"Makanan favorit anak saya, sayangnya tidak ada wifi"
Tempatnya nyaman dan ada tempat bermainnya Memey
terbaik
"Nyaman. Sayangnya, taman bermain anak mini di dekatnya dibongkar."
"Tutup pada tengah malam, tempat yang bagus untuk mencari makan siang."
Jaringan makanan cepat saji Cina. Makanannya oke dan ada WiFi gratis.
Lebih banyak orang berkunjung pada sore hari dibandingkan pada siang hari...
Hidangan laut
Tempat paling nyaman di Surabaya Jika Anda membawa keluargağŸ˜‚ â€¦
Aku tidak mengira ini akan menjadi yang terakhir bagi kami
Pesanan peningkatan cepat
Pelayanan untuk take away sangat lama
Anakku paling suka nongkrong disini..
Tempstnya menyewakan taman bermain
Lokasi strategis. Berdiri toko tunggal
Jika
Tidak apa-apa
Banyak dan enak
Cocok untuk nyante2 atau bisnis...ğŸ‘ â€¦
Itu bagus tapi agak membosankan
Jika
Sekarang makanannya tidak enak
Antriannya tidak panjang meski ramai
Itu penuh sesak
Siiiipppp.... Joossss
Seringkali hampir bingung masuk & keluar lokasi
Selera yang bagus. Harga sedang.
Wow..untuk pertama kalinya di sini..menarik
Bu huyu
"Yang terbaik, tempatnya enak"
Selamat datang tok
Cocok untuk pertemuan
Restoran Jepang yang bagus.....
Buka sampai malaaaam haha
Bento adalah yang terbaik menurutku
Itu keren dan bersih
Rapi dan banyak pengunjung
Kedua...
menyesap
Restoran cepat saji Jepang
saya ingin
Restoran Malming penuh....
Sup tahunya hambar
Anak-anak menyukainya
Yahoot
Bisakah kamu...
Besar
menyesap ğŸ‘ â€¦
"Romadlon 24 jam, dapat diandalkan"
Banyak
Lokasi di tengah kota...siiip
untuk R
Luarrr bbbiiiiaasssssaaaaa......
spesial
Mereka
aplikasi manta
Naaaaaaaaaaaaaaaaaaaaa
Siiiip
Mantap
tempat parkir berputar-putar
Sebuah sayap
Asik
Mantaap
menyesap
Soooo
Enaknya
Ini sangat keren
Dia
Baru kali ini nyobain HokBen dengan nasi yg tidak seperti ciri khas HokBen serta saladnya gak fresh asam
"menu banyak yg ga ready, harusnya bilang dari awal suggest menu yg lain yg ready, pesen hoka hemat 1 lauk cuman ada ekado 1 sisanya 3 nunggu hampir setengah jam, bilang nanti diantar, bilang 2 menit pas ditanya, pas ditanya lagi malah suruh bawa sendiri, bikin mood makan jelek aja, ga ada komplimen apa apa lagi Lainnya"
"menu banyak yg ga ready, harusnya bilang dari awal suggest menu yg lain yg ready, pesen hoka hemat 1 lauk cuman ada ekado 1 sisanya 3 nunggu hampir setengah jam, bilang nanti diantar, bilang 2 menit pas ditanya, pas ditanya lagi malah suruh bawa sendiri, bikin mood makan jelek aja, ga ada komplimen apa apa lagi"
bintang kejora buat mas mas hokben yang saya temui di hari kamis tanggal 2 mei 2024. mas masnya gercep dan informatif soal promo yang ada.. soalnya sejauh yang saya temuin biasanya kalo outlet punya promo tuh di gatekeep sama karyawannya â€¦
untuk pelayanan sudah tidak seperti dulu sekarang banyak baki makanan yang segera di bersihkan minta baby chair juga no respon â€¦
Kesini cuma mau ambil promo hokben x jenius sih..wkwkwk . Tp layanannya ramah kok meski aku pakek promo jenius..cuma antri lagi banyak pengunjung karena lagi weekend.
Outlet yang ini dapat dikatakan nyempal di ujung sih Tapi plus nya bisa melihat jalan uar karena ada jendela besar ke luar â€¦
"Tempatnya nyaman, bersih. Suka duduk di tempat yang dekat kaca. Pelayanan baik dan cepat. Mohon dijaga kualitasnya. Terima kasih"
"Pertama kali ke HokBen si Royal ini setelah beberapa tahun di Surabaya wkwk. Mantap 100%, ga mengecewakan sama sekali, dari makanannya, pelayanan, tempat dan suasanya sangat2 enak. Bersih juga. Kursi mejanya cukup banyak. Untuk harga sesuai â€¦"
"Hokben yang berada di dalam mall. Lokasinya diposisi paling selatan dari Royal Plaza. Berdekatan dengan restoran Jepang lainnya. Rasanya enak sesuai standart hoka hoka bento pada umumnya, makanan juga cukup variatif. Resto ini termasuk luas â€¦"
"dr dulu tetep bertahan restonya, cepet pelayanannya krn fast food sih ya. pilihan makanannya jg macem2, sebelahan sama yoshinoya. buat hoka hemat sekarang kena IDR 27.5k wkwkw naik mulu ya~"
"Hokben memang sudah tidak usah diragukan lagi sih. Selalu enak cita rasanya, dan pelayanannya juga baik"
kok sekarang HokBen jorok ya meja banyak yg tidak langsung d bersihkan saya sampe dua kali bilang lho tapi slow respon banget malah terkesan tidak peduli
"Coba coba ada promo dari kartu kredit BRI Tokopedia Card setiap hari jumat, Promo Bento Spesial 1 (buy 1 get 1). â€¦"
"Agak kecewa ketika ditawarkan menu Value Set. Dengan harga Rp.30.910 tiba-tiba pelayan laki2 yg paling rapi bilang dgn suara nggremeng ""upgrade valueset kak, dumpling pakai daun bwg atau tdk"" tanpa ada PENJELASAN kalai Upgrade nambah 5.910 â€¦"
"Hokben, terkenal dengan nasi putihnya yang pulen dan tekstur kenyal. Lokasi sangat mudah ditemui, pelayanan cepat, dan ada area tempat duduk dekat jendela yang memperlihatkan jalan raya Ahmad Yani."
"Alternatif kalo bosen makan ayam, lalapan apalagi mie""an ğŸ˜† Tempatnya pas.. Dpt city view. â€¦"
"Seperti biasa pelayanan cepat, staff ramah, comfort food. Tapi meja banyak yg kotor. Mungkin bisa disediakan tempat untuk membereskan tray & sisa makan, agar pelanggan bisa self cleaning."
"Suasana crowded kalau weekend, staff untukembersihkan kurang gercep. Makanan enak, minuman enak, staff yg melayani ramah"
"Uda lama sering makan di HokBen royal. Tp baru kmrin malam dpt kasir yg super judes dan ketus,cuma gara2 minta tambahan saus. Saya beli 2 porsi dpt saus sambal 3 ,saya minta lagi dong Krn itu kurang. Tp simbak nya ketus amit2. Uda ketus â€¦"
Masih menjadi pilihan terbaik untuk makanan kategori cepat saji.
"Menu yang di tampilkan kurang lengkap, tempat masih kurang gercep utk kebersihannya. Rasanya juga kurang enak seperti HokBen di TP. Meskipun menghadap ke jendela, viewnya masih kurang bagus. Teh nya juga hambar alias gada rasanya."
"Coba menu baru butter miso beef. Sumpah, ini enak banget. Rasa dagingnya very umami. Asinnya pas, ada sedikit manis. Apalagi dimakan pakai nasi, salad, dan gorengan ala hokben. Pas."
"makanan andalan kalau ke royal plaza & bingung mau makan apa, value set selalu jadi andalan, porsinya pas & rasa makanan udah pasti ga diragukan lagi ğŸ‘ğŸ‘ğŸ‘ â€¦"
"Hokben Royal berada di pojok, saya lupa tepatnya di lantai apa, UG kalau gak salah. Untuk memesan menu harus mengantri, saat saya membeli memang antriannya sangat panjang, jadi lebih baik pilih tempat duduknya saja terlebih dahulu. â€¦"
"Tempat makan favorit bersama anak-anak, viewnya bagus sambil liat jalan, tempat makan yg nyaman bersama keluarga"
"pelayanan sangat sangat gak minta kalau ada menu yang kosong cuman bilang ""KITA JUAL YANG ADA AJA"" tanpa dikasih tau menu apa yang ready"
"Kalau makanan sih oke, tempat juga oke apalagi view jalanan kota. Sayang tempatnya banyak lalat sehingga terkesan jorok."
Pelayanan ramah dan fast respon Tempat enak nyaman dan cozy untuk mengobrol dan menikmati makanan Makanannya sesuai dengan sop hok ben pada umumnya Menurut saya lebih enak dari pada yoshinoya
Restoran dengan masakan khas jepang ini letaknya asa di bagian barat lantai ground. Rasanya sama persis dengan hokben lainnya. Sayang meja makannya jorok sekali.. tidak segera di bersihkan meja yang ada sisa makanannya.
Mantap jiwa sllu... n gk bosen2 ma nih hokben no.1
"kecewa, pembeli depan saya bisa nunggu paket promo tapi saya pesan gak bisa dengan alasan gas mati tolong kalo bikin promo yang niat"
Tempat nyaman dan makanan enak. Bisa bayar pakai go paduan ovo. Rasa nasi nya yang khas dan enak banget. Staf ramah dan helpful.
"Ini sih favorite place dari kecil. Good place, good taste, good serve, dan muraaaahhhh. Japanese food paling juara pokoknya. Porsinya itu keliatannya dikit. Tapi begitu dimakan, masyaalloh ga pernah habis. Sup tofunya recommended, saladnya â€¦"
"Kecewa aja. Beli paket Premium Seafood untuk Take Away, udah Upgrade Minuman dari Ocha ke TEH KOTAK, eehh, minumannya gak ada di paket. Baru nyadar pas sudah sampai rumah. ğŸ˜« â€¦"
"Selalu ramai pengunjung, nyaman, pelayanannya ramah. Fastfood yang enak dan affordable harganya. Tersedia bermacam-macam paket untuk sendiri maupun family, juga tersedia paket for kids.."
"Tempat nyaman , bersih .. paling suka duduk deket jendela karena bisa ngelihat lalu lintas jalan A.yani.. soal rasa enak , sama dengan hokben ditempat lain cuma klu di hokben polisi istimewa porsinya gtw knp lebih banyak .. untuk minuman ochanya tolong dimanisin dikit ..ğŸ˜ŠğŸ˜Š â€¦"
"Paling suka sama salad sayurnya... Mayo nya itu yg bikin enak. Buat harga masih terjangkau sih, ya standar resto jepang. Buat rasanya sih lumayan. Cukup mengenyangkan buat saya, padahal ini yg paket murmer si HOKA. Harga minumnya aja sih yg â€¦"
minta take away tapi di suruh kemas sendiri padahal kita bayar untuk takeaway
+ bersih nyaman - saya datangnya kepagian jadi ada beberapa menu yang kosong
tempat kurang luas sampe2 yg kudunya harus pake 2 meja 3 kursih jd pake 2 meja 2 kursi alhasil anakku ga dpat tempat duduk krena di minta sm waiters nya seharusnya ya ada meja kursi cadangan atau waiting list dulu gak asal dimasukan â€¦
"Mantab buat makan di tempat apalagi dekat kaca bisa lihat oemandangan luar dan enak deh pokoknya,petugas ramah2 juga lho."
Ada beberapa meja kursi yang tersedia colokan. Sangat membantu Harga rasa layanan standar outlet.
"Makanannya enak,minumannya seger. Tempatnya bersih,pelayanannya cepat dan ramah. Kursi sama mejanya sering full,lumayan rame sih apalagi kalo hari libur."
Enak Tempat luas Bisa jadi pilihan utama kalau main ke mall â€¦
"Kasir cowok sangat tidak ramah , minta mayo aja gak boleh pdhl di hokben rest area boleh"
"Hokben di royal plaza ini cozy banget tempatnya, apalagi kalo duduk di deket jendela kaca. Menunya enak2, keluarga saya suka & cocok makan disini, menunya keliatannya dikit tp kalo udah dimakan ternyata bikin kekenyangan, harga murah pas di kantong juga. Sipp dah ğŸ˜˜ğŸ˜˜ğŸ˜˜ â€¦"
Aplikasi online dibuka sedangkan tempat masih belum bisa masuk. Sudah posisi jarak jauh dapat order dan sampai masih harus nunggu lama sampai jam buka. â€¦
"kalo bikin promo yang niat, bilang nunggu tiba tiba gak bisa dengan alasan gas mati"
"Pelayanan pesanan lama padahal kata kasir nanti di antar, saya tunggu hampir 15 menit tidak kunjung di antar"
Enak dan nyaman utk makan sambil lihat pemandangan jln.A yani
"Saran mohon siapkan rak untuk tempat wadah selesai makan, karena dikondisi ramai. Karyawan mungkin kesulitan untuk membersihkan dan pengunjung kesulitan mencari meja bersih. Overall pelayanan sudah bagus"
"Pelayanan ramah, karyawan selalu antusias saat melayani, makananya jg enak2 rasanya Hokben royal plaza top banget dahh...ğŸ‘ğŸ‘ â€¦"
"Kidzu Bento 1, lumayan enak.. hokben royal letaknya di pojokan, paling suka makan pinggir jendela"
"Pelayanan baik,cakap, makananya enak tempatnya juga bersih"
"Layanan menu fried chicken lama dan cenderung jutek dg pelanggan, dijanjikan 20 menit ternyata 35 menit belum ada sajiannya, setelah dikomplain dua kali diberi satu gelas milo dan pesanan segera disajikan."
"Tetap pesen kesukaan putri saya, bento spesial hokben"
"Tempatnya luas, kelihatan kalo dari depan royal, strategis, enak kalo buat ngumpul sama keluarga"
"Tempatnya bagus, makanannya enak, good"
"""KITA JUAL YANG ADA AJA"" kalau gak siap gausah bikin promo"
Lambat resto instan proses lama tinggal packing qja malah beli offline di dahulukan payah ini resto ğŸ˜¡ğŸ˜¡ğŸ˜¡ğŸ‘ğŸ‘ğŸ‘ â€¦
"bintang 3 dulu ya.. overall makanan rasa oke, suasana oke, pelayanan (mau kasih bintang 1 tapi ngga tega).. langganan keluarga sejak 2014-skrg.. cuman kenapa ya skrg kalau pesen yg â€¦"
"Pelayanan ramah, kebersihan oke"
"Parkiran oke, makanan dan pelayanan ramah"
HokBen Royal Plaza Surabaya Menu pesanan saya: â€¦
"Saat sudah gajian, Makan berdua jadi lebih asik. Disini Tempat yang cocok Bagi pecinta makanan jepang."
"bagus, bersih, pelayanan bagus,ramah,masakan cukup enak, tempat strategis"
"Lokasinya berada di dalam mall Royal Plaza, tapi dengan view jalanan A. Yani Surabaya. Jarang makan di sini, tapi bisa menjadi pilihan kalau binggung makan apa. Rasa enak standar hokbenğŸ˜ƒ. Cuma memang kalay jam makan siang apalagi pas weekend agak susah cari meja karena full pengunjung. â€¦"
"Hokben yang selalu rame apalagi pas Sabtu Minggu dan hari libur nasional, mau makan antrinya mengular sampai hampir ke eskalator. Tenang tempat duduk/meja selalu tersedia, stafnya selalu cepat dan tanggap membersihkan meja yang barusan kosong."
"enak bgt dagingnya, teksturnya lembut kerasa bgt deh bumbunya"
"enak, dpt voucher jd makan lebih banyak"
Nasi nya lebih enak di MER d
"View nya bagus,tempat nya bersih."
Pelayanan memuaskanğŸ‘ğŸ» jangan lupa juga mampir dan belanja ke THYS Lt. 2 banyak koleksi tas cakep dan promo menarikğŸ˜ â€¦
"Baru aja kemaren maret 2022 kesini kasirnya jutek banget dan minta nambah saos sambel 3 biji cuma dikasih 1, astaga pelit bgt, dan terakhir makan gubisnya dikit bgt, pdhl biasanya gak gini sih di royal ğŸ˜” â€¦"
Andalan dr dulu bwt makanan jepang. Ada menu baru butter miso beef..enak bgt menurut sy.
"1. tempatnya ada di langai G (dasar) pojok selatan, sebelah yoshinoya 2. gak begitu luas, biasalah kan di dalam mall 3. lumayan banyak variasi menu, tapi miripÂ² jadi agak membingungkan â€¦"
Selalu ramai
Enak nyaman n view street nya enak apa lg saat hujan turun
"Restoran makanan ala jepang cepat saji yang cukup terkenal hampir selalu ramai di jam-jam makan. Terutama jika Anda mengunjungi di saat bulan Ramadhan, dipastikan Anda perlu untuk mengambil antrian untuk berada di daftar tunggu terlebih â€¦"
Bento paling the best. Apalagi saladnya mantul
Pelayanan lemot banget yaaa. Hadeeehh jd mikir2 klo mau makan disini lg. Kecuali klo ga ada yg antri. Antrian 4 customer aja 1/2 jam sendiri. Tolong perbaiki deh
"Waktu kami makan disini, nasinya terasa kurang segar, seperti terlalu lama di dalam penghangat dan tidak wangi seperti di cabang2 yang saya pernah coba di sekitaran Jakarta, Depok, Bogor. Apakah hanya di cabang ini saja atau cabang di luar â€¦"
Resto gatel. Mall belum buka tapi aplikasi food online di nyalakan. Resto di telfon tidak di angkat malah di matikan.
"TempÃ tnya gampang diketahui, masuk Royal mall lewat pintu depan, langsung belik kiri terus sampai di ujung ketemu langsung restorannya. Suasananya nyaman karena diujung roral dengan dinding kaca yang tembus pandang ke luar langsung ke jalan â€¦"
"Bicara soal Frenchies maka dimanapun harga dan rasa bisa dipastikan sama, yang berbeda hanyalah tempat dan lokasinya. saya suka hokben di Royal karena tempatnya tepat pada sisi gedung, dan juga ada jendela kaca yang cukup besar. Menurut â€¦"
Kalau sepi ya bukan Royal Plaza
"Tempatnya pinggir, jadi bisa liat jalan. Apalagi pas ujan, makin betah hahaha"
"Royal mah gk pernah sepi... kalau pas romadhon, pengen buka puasa di royal udah harus cari kursi abis ashar... Dan biasanya saya kesini untuk nonton film di bioskopnya."
"Belum pernah makan disana sih, tapi ya bolehlah saya kasih rate 5 semua penilaiannya"
"fast food ala jepang yang menyediakan menu bento. ada banyak pilihan gorengan dan daging atau ayam yang dimasak teriyaki atau yakiniku. ada menu kidzubento, dapat bonus mainan untuk anak-anak.disini sering ramai dan antriannya panjang. posisinya ada di pojokan royal plaza, jadi dari dalam bisa lihat ke arah jalan."
"Pemandangan keluar sangat keren. Tempatnya di pinggir jadi bisa lihat lalu lalang jalan a yani yg lebar pakai banget ( 12 LAJUR FRIENDS..., DI INDONESIA , YANG LEBIH BANYAK ADAKAH ? )"
"Menu hokben disini sama dengan yang lainnya, tapi yang khas adalah lokasinya, terletak di lantai 2 royal plaza surabaya dengan pemandangan kaca lebar hook pojok selatan sehingga mendapat pemandangan bebas ke jalan raya Ahmad Yani Surabaya.."
Resto masakan Jepang yang nagih!
"Tempat favorit keluarga, rasanya enak, pesan menu paket harganya lebih murah daripada pesan menu secara terpisah, pelayanan ramah dan cepat, bersih dan nyaman."
Pelayanan yang cepat tanggap dan ramah bet dah wkwk kalo soal rasa hmmm semua sudah tau lah yaaa
"Minggu 31 Desember 2023, kenapa kasir sangat lemot sekali"
"secara pelayanan cukup memuaskan, tapi untuk meja yang selesai dipakai terkadang terlambat dibersihkan. Nilai tambahnya disini bisa melihat pemandangan jalanan luar royal plaza"
Tempatnya bersih meski berada di paling pojok tapi terang karena menghadap jalan raya langsung. Kalau dibuat menikmati makanan enak sekali. Makanannya juga enak
"Sebenarnya enak kalau ke sini weekday, kalau weekend so pasti antri maksimall ğŸ˜ğŸ˜ğŸ˜ Anyway, ochanya free flow dan ada menu anak2 yg kadang juga dapet mainan ğŸ°ğŸ°ğŸ° â€¦"
Tempat bersih dan rapi dan juga menu yang di hidangkan tidak kalah dengan restoran makanan cepat saji lainnya terutama dengan menu jepang sebagai main course .... Untuk harganya lumayan terjangkau lah...
"Staff yang bertugas saat sore Hari (3 Maret 2022) kurang, antrian sampai keluar outlet... Layanan lama :-("
Makanannya yummy harga bisa disesuaikan kantong. Tempat bersih dan nyaman. Menunya tidak membosankan Wajib mampir tiap ke royal plaza sby
Kalo makan Hokben uda ga perlu d tanya sii ini... Enak pake banget... Paling favorit Egg Chicken Roll nya... Always beli yg ini... ğŸ‘ğŸ‘ğŸ‘ğŸ‘ â€¦
Banyak menu varian paket yang tersedia Mungkin perlu ada varian minuman yg lebih terjangkau dan umum seperti di restoran fast food lainnya
"Saya kasih bintang 3, karena bulan ini tahap renovasi, take away semua. Terpaksa makan di food court , dari tempat lantai dasar naik smp lantai atas."
"Menu lengkap, rasa gak usah di tanya enaknya gmn... pelayanan juga cepat, temoat bersih"
"Harus pilih waktu yang tepat, agar tidak berdesakan dengan pengunjung yang lain"
Entah kenapa suami saya lebih suka makan di hokben royal padahal ada yg lebih deket dari rumah tp dia bilang lebih enak rasanya kl yg di hokben royal ğŸ˜… â€¦
"Mungkin karena terlalu rame kali ya... jadi mejanya ga ready, duduk sambil tersaji bekas makanan orang sebelumnya"
"Staff nya ramah ramahğŸ™Œ tempatnya strategis, dekat toilet, dekat musholla, dekat eskalator, juga ditambah streetview yang okeğŸ‘ soal rasa â­â­â­â­â­ â€¦"
"Japanese food yang bisa jadi salah satu pilihan makan bagi keluarga dan anak-anak. Harga sepadan dengan makanan,suasana cukup nyaman,pilihan menu cukup lengkap."
Value set selalu terfavorit
MantapğŸ‘ â€¦
Menu standart sama dengan hokben lainnya. Nilai plus pada tempatnya ada sisi dekat jendela yang bisa melihat keluar
"Disini juga salah satu cabang Hokben yang asik buat nongkrong. Jika anda duduk dekat jendela, bisa melihat jalanan Surabaya sebagai pemandangan."
"Setiap saya pulang ke surabaya pasti ke hokben, dikarenakan di NTB gak ada buka HOKBEN, klo bisa buka donk di Mataram, Lombok, NTB, biar gak nuggu harus pulang dulu ke surabaya baru bisa mkan Hokben"
mantap jiwağŸ‘ğŸ‘ğŸ‘ğŸ‘... menu nya bagi saya cukup sederhana... tapi tetap jadi idola keluarga terutama bagi anak anak saya...ğŸ™ğŸ™ â€¦
"Tmpat ni lngganan klo lgi jln"" ke royal plaza.rsanya kurang puas klo blum kesini..mknannya lumyan g terllu mhal rasanya juga enak."
"Tempatny dipojok tapi viewnya bisa melihat royal dati atas,masakannya enak gk mbosenin seperti fastfood lain"
Tempat dgn.view bagus bisa melihat k jln raya..untuk kumpul2 juga dgn anak2 bisa..pelayanannya cepat..
Pegawai lelet
Kualitas pelayanannya masih lebih baik dan dari segi menu bahannya komplit ketimbang yang berada di polis istimewa
pelayanan buruk
AnakÂ² demen
"Tempatnya enak, mas mbaknya juga ramah. Tapi bbrp menu sering kosong pas jam sibuk."
Enak buat nongkrong
Khusus take away Pelayanan lama banget
Tempatnya asik kalo di deket jendela dengan pemandangan jalan surabaya.. Lucu aja makan sambil liat macet2an hehe âœŒ
"Tempatnya enak, bersih dan nyaman... Karyawan ramah2 good the best...."
Menjadi salah satu pilihan tempat makanan jika di royal plaza dan bisa melihat lalu lintas di jalan ahmad yani
Bisa melihat pemandangan di luar
Kalau ke royal lebih sering makan disini. Yg udah pasti nyaman di lidah tapi gak bikin kantong bolong.. ğŸ˜ â€¦
Makanannya enak dan terjangkau
Pas buka puasa ruaaame kaliii..bisa2 g dapet tempat duduk...mesti antri dari jm 4
Kalo butuh fast food pasti pilih hokben pelayanan cepat jd kalo antri ga lama2 ğŸ¤© â€¦
"Makannya enak, menjadi pilihan yang tepat saat ingin makanan cepat saji yang berbeda"
Hokben tempat makan favorit. Di toko sini selalu rame.. karena lokasinya yang strategis di mall yang tidak pernah sepi.
Pekerjanya ramah dan sangat membantu untuk mecarikan tempat duduk customers pada saat tempat ramai pengunjung.
Tempatnya bersih ..Lokasinya enak.. bisa melihat pemandangan luar dengan leluasa...
Ocha gratis sepuasnya dan gak pernah sepi sih. saben makan disini suka sama view nya
Saya suka makan di hokben
Makan sambil nikmati suasana mall sby
Tempatnya nyaman karena berada dipinggir mall sehingga dapat melihat pemandangan luar
"Tempat bersih. Pelayanannya sigap, kalo antrian cukup panjang pelayan-pelayan lainnya sigap melayani orderan customer."
"Buat pilihan makan siang enak tuh, tempat okelah, pelayanan lumayan"
"Tempat makan favorit keluarga, harga paket paling murah dibanding dengan yang ainnya"
From indonesia jangan salah sangka nih
"Lokasi bagus tapi tempatnya agak gelap dan sedikit kotor, mungkin bisa ditambah penerangannya"
View nya bagus
"Pelayanannya agak lama ya,,kurang cepat2an ,,jd yg antri sampek kesel lihat nya,"
Pelayanan cepat dan tempat duduk banyak sehingga tidak perlu bingung untuk bingung datang berapa orang
Jalan2 ke Royal Plaza gak Afdol kalau gak makan HOKBEN....hemmm Nyummi
"tempat nyaman, porsi lumayan banyak dibanding outlet hokben yang lain"
Nyaman bagus luas cuma kalau bisa pelayanan bisa ditingkatkan
Tempat makan utk keluarga. Sebagai alternatif makanan selain fried chicken
"Over All memuaskan, varian makanannya banyak"
"Sayang tempat duduknya kurang,jadi pengunjung yg mau beli gak jadi beli"
"Junkfood terjuara, sayang diarea dekat wastafel tercium aroma"" tidak sedap."
Tmpt nx strategis n bs lht view k luar
Ruangan terlalu sempit padahal pengunjung ramai. Perlu pelebaran ruangan
"Makananya khas enak,, tempatnya nyaman, suasananya asik.."
Pelayanan kurang bagus apalagi pelayan pria. Gak standar.
Hokben paket hemat plus tahu goreng makan bersama keluarga
"Not too good, porsinya lebih sedikit dari hokben lain"
Sesuai.. enak. Paling suka paket teriyaki
"Lokasi strategis Cocok untuk meet up bareng tmen"""
Porsinya mantab sudah cukup buat kenyang
"Staffnya ramahÂ², jadi nyaman bgt tiap kesini"
Enak dan tempanya nyaman sambil istirahat dr.belanja
Tempat makan yg banyak disukai masyarakat
Pilihan yang sesuai untuk selera masakan jepang
Enak nikmat
Masih harus antri lama jika di hari libur.
Acar bento yang lezat selalu ada di sini saat Anda lelah berbelanja
Taman paling keren di Surabaya
"Enak, pelayan ramah, dan tidak terlalu ramai"
Saya suka menu bento di sini.
Dapat dijadikan pilihan untuk teman dan keluarga
Asyiknya makan bersama keluarga
Selalu ramai hingga malam hari
Dan sejuj
Selesaikan dan tutup
Tempat yang nyaman
Menyukainya
dalam keadaan gadai
Saya menyukainya
Pelayanan bagus
makanan favoritku
Enakkkkk
hoki standar
Makanan cepat saji
Mantaab
Tuhan
Wow
Di Hok
sama
Oke
Tembaga
Terima kasih...
h0kben aku menyukainya. . .
Eaaaaaaaaaaaaaaaaaaaaaaaaaaaa...
Hmmm nyami
Enaaaaak...........
lezat
Soooooooooooooooooooooooooooooooooooooooooooooooooooo
